Rank,Modelo,MAE,RMSE,MAPE,R2
1,MLP,60.20476531982422,113.26690426405456,27.46926248073578,0.5700216293334961
2,XGBoost,60.26403045654297,111.97336370622926,27.628374099731445,0.5797865390777588
3,LightGBM,60.87016287899078,113.04941343853814,28.16011426251696,0.5716712944398206
4,Random Forest,63.808771031518575,117.667509953602,30.143084945336522,0.5359618567919593
5,Ridge,76.93952178955078,137.89188473220605,38.39353919029236,0.36273807287216187
6,Linear Regression,77.1036605834961,137.51330191339673,38.585177063941956,0.3662324547767639
7,Lasso,77.33296966552734,139.54804280247,38.45709264278412,0.34733837842941284
8,Baseline (Media),105.82624053955078,178.28167999509932,64.96011018753052,-0.06525599956512451
